{"GD": 0.008591518000000034, "NE": 9.614999999962848e-06}